quenya,english,type,eldamo-link,other-links
aiwë,bird,n,1.2.1,
aran,king,n,1.2.1,
atan,man (human being),n,1.2.1,
köa,house,n,1.2.1,
elda,elf,n,1.2.1,
elen,star,n,1.2.1,
hesto,captain,n,1.2.1,
orko,orc,n,1.2.1,
makil,sword,n,1.2.1,
nauko,dwarf,n,1.2.1,
osto,city,n,1.2.1,
taurë,forest,n,1.2.1,
kir-,to cut,v,1.2.2,
lor-,to sleep,v,1.2.2,
mat-,to eat,v,1.2.2,
men-,to go,v,1.2.2,
nor-,to run,v,1.2.2,
sam-,to have,v,1.2.2,
sil-,to shine,v,1.2.2,
tir-,to watch,v,1.2.2,
tuv-,"to find, discover",v,1.2.2,
ni,me (object),pron,1.2.3,
lye,you (object),pron,1.2.3,
se,"him, her (object)",pron,1.2.3,
-n(yë),I (subject),suf,1.2.3,
-l(yë),you (subject),suf,1.2.3,
-s(së),"he, she (subject)",suf,1.2.3,
-(i)nya,my,suf,1.2.3,
-(e)lya,your,suf,1.2.3,
-(r)ya,"his, her",suf,1.2.3,
alkarin,glorious,adj,1.2.4,
halla,tall,adj,1.2.4,
linquë,wet,adj,1.2.4,
linta,swift,adj,1.2.4,
luinë,blue,adj,1.2.4,
mai,well,adv,1.2.4,
melda,"dear, beloved",adj,1.2.4,
oialë,forever,adv,1.2.4,
palan,far,"adj, adv",1.2.4,
qualin,dead,adj,1.2.4,
sí,now,adv,1.2.4,
turka,strong (physically),adj,1.2.4,
ambo,hill,n,1.2.5,
anga,iron,n,1.2.5,
menel,"the sky, the heavens",n,1.2.5,
mindon,tower,n,1.2.5,
rotto,"cave, tunnel",n,1.2.5,
telumë,roof,n,1.2.5,
et,out (of),prep,1.2.5,
mi,in,prep,1.2.5,
nu,"under, beneath",prep,1.2.5,
or,above,prep,1.2.5,
ve,"as, like",prep,1.2.5,
ú,without,prep,1.2.5,
-(e)nna,to(ward),suf,1.2.5,
-(e)llo,(away) from,suf,1.2.5,
-(e)ssë,"at, in, or",suf,1.2.5,
ar,and,conj,1.2.6,
hya,or,conj,1.2.6,
i,"who, which, that (indeclinable relative)",pron,1.2.6,
mal,but,conj,1.2.6,
ma,something,pron,1.2.6,
mo,someone,pron,1.2.6,
ya,"which, that (impersonal relative)",pron,1.2.6,
ye,"who, that (personal relative)",pron,1.2.6,
-(e)lva,our,pron,1.4,
lúmë,"hour, period of time",n,1.4,
omentië,meeting,n,1.4,
ailin,lake,n,2.1.4,
ambar,world,n,2.1.4,
ambo,hill,n,2.1.4,
endórë,middle-earth,n,2.1.4,
mindon,tower,n,2.1.4,
nan(do),valley,n,2.1.4,
noirë,tomb,n,2.1.4,
nór,(dry) land,n,2.1.4,
nórë,"country, land, nation",n,2.1.4,
opelë,village,n,2.1.4,
oron (oront-),mountain,n,2.1.4,
osto,city,n,2.1.4,
rotto,"cave, tunnel",n,2.1.4,
sinomë,"here, this place",adv,2.1.4,
sírë (síri-),river,n,2.1.4,
tanomë,"there, that place",adv,2.1.4,
taurë,forest,n,2.1.4,
kelu-,to flow (forth),v,2.2.1,
fara-,to hunt,v,2.2.1,
har-,"to sit, stay",v,2.2.1,
haru-,to sit down,v,2.2.1,
lelya-,to travel,v,2.2.1,
tar-,to stand,v,2.2.1,
tolu-,to stand up,v,2.2.1,
tul-,to come,v,2.2.1,
kaita-,"to lie (down); to lay, place",v,2.2.1,
ara,"beside, next to, by",prep,2.2.5,
mallë,street,n,2.2.5,
men,way,n,2.2.5,
raxa,wagon,n,2.2.5,
tië,"path, road",n,2.2.5,
yanta,bridge,n,2.2.5,
anya-,"to reach, arrive at",v,2.2.5,
auta-,"to go (away), depart",v,2.2.5,
har-,"to sit, stay",v,2.2.5,
haru-,to sit down,v,2.2.5,
lat-,"to extend, be situated, lie (of places)",v,2.2.5,
lelya-,to travel,v,2.2.5,
mar-,"to live, dwell",v,2.2.5,
men-,to go (generally),v,2.2.5,
menta-,to send,v,2.2.5,
ser-,"to rest, tarry",v,2.2.5,
tar-,to stand,v,2.2.5,
tolu-,to stand up,v,2.2.5,
tul-,to come,v,2.2.5,
tulta-,"to send (for), summon",v,2.2.5,
tulya-,"to bring, lead",v,2.2.5,
atan,man (human being),n,2.3.3,
elda,elf,n,2.3.3,
hína,child,n,2.3.3,
lië,people,n,2.3.3,
meldë,(close) friend (f.),n,2.3.3,
meldo,(close) friend,n,2.3.3,
nauko,dward,n,2.3.3,
nér (ner-),man (male),n,2.3.3,
nettë,girl,n,2.3.3,
nís (niss-),woman,n,2.3.3,
orko,orc,n,2.3.3,
perian (periand-),halfling,n,2.3.3,
quén (quen-),person,n,2.3.3,
quen(dë),elf (a technical term only),n,2.3.3,
seldo,boy,n,2.3.3,
vendë,maiden,n,2.3.3,
aiqua,steep,adj,2.3.3,
anda,long,adj,2.3.3,
fimbë (fimbi-),thin,adj,2.3.3,
halla,tall,adj,2.3.3,
höa,"big, large",adj,2.3.3,
lára,flat,adj,2.3.3,
lauka,warm,adj,2.3.3,
lenka,slow,adj,2.3.3,
linta,swift,adj,2.3.3,
mára,"good, useful",adj,2.3.3,
náha,narrow,adj,2.3.3,
nitya,little,adj,2.3.3,
núra,deep,adj,2.3.3,
polda,"big and strong, burly",adj,2.3.3,
quilda,quiet,adj,2.3.3,
raika,crooked,adj,2.3.3,
senna,short,adj,2.3.3,
téra,straight,adj,2.3.3,
tiuka,"thick, fat",adj,2.3.3,
turka,strong (physically),adj,2.3.3,
turwa,"powerful, strong (abstractly)",adj,2.3.3,
tyelka,hasty,adj,2.3.3,
urra,bad,adj,2.3.3,
yána,wide,adj,2.3.3,
kirya,ship,n,2.4.4,
kiryamo,sailor,n,2.4.4,
ëar,sea,n,2.4.4,
falassë,"shore, surf",n,2.4.4,
falma,wave,n,2.4.4,
hresta,"beach, shore",n,2.4.4,
londë,"haven, harbour",n,2.4.4,
luntë,boat,n,2.4.4,
lut-,"to float, sail",v,2.4.4,
tol(lë),island,n,2.4.4,
tyulma,mast,n,2.4.4,
vingë,foam,n,2.4.4,
anar (anár-),sun,n,2.4.4,
kal-,to shine,v,2.4.4,
elen,star,n,2.4.4,
fanya,cloud,n,2.4.4,
fanyarë,"the skies, upper airs",n,2.4.4,
hwesta,breeze,n,2.4.4,
isil,moon,n,2.4.4,
lumbo,(dark) cloud,n,2.4.4,
menel,"sky, the heavens",n,2.4.4,
sil-,to shine (white),v,2.4.4,
súrë (súri-),wind,n,2.4.4,
vil-,to fly,v,2.4.4,
vilya,"air, (lower) sky",n,2.4.4,
mailë,lust,n,2.5.2,
mel-,to love (deeply),v,2.5.2,
melda,"dead, beloved",adj,2.5.2,
meldë,(close) friend (f.),n,2.5.2,
meldo,(close) friend (m.),n,2.5.2,
melindo,lover (m.),n,2.5.2,
melissë,lover (f.),n,2.5.2,
melmë,love,n,2.5.2,
nil-,"to love, have care for",v,2.5.2,
nilmë,friendship,n,2.5.2,
nildë,(casual) friend (f.),n,2.5.2,
nildo,(casual) friend (m.),n,2.5.2,
yermë,sexual desire,n,2.5.2,
amil(lë),mother,n,2.5.2,
atar,father,n,2.5.2,
háno,brother,n,2.5.2,
hildë (hildi-),heir,n,2.5.2,
nésa,sister,n,2.5.2,
nos(së),"(extended) family, clan, kindred",n,2.5.2,
nostar,parent,n,2.5.2,
nosta-,to give birth,v,2.5.2,
onta-,"to beget, create",v,2.5.2,
orendë,(nnuclear) family,n,2.5.2,
veri,wife,n,2.5.2,
veru,husband,n,2.5.2,
veryanwë,wedding,n,2.5.2,
vesta,"matrimony, marriage",n,2.5.2,
vesta-,"to wed, marry",v,2.5.2,
vinimo,baby,n,2.5.2,
yeldë,daughter,n,2.5.2,
yondo,son,n,2.5.2,
sinomë,"here, this place",adv,2.6,
tenna,until,prep,2.6,
metta,"ending, end",n,2.6,
anta-,"to give, present (with instrumental)",v,3.1.3,
essë,name,n,3.1.3,
esta-,to name,v,3.1.3,
henta-,"to read, scan",v,3.1.3,
hyalin,paper,n,3.1.3,
lambë,language,n,3.1.3,
lúmequenta,history,n,3.1.3,
nyar-,"to tell, recite",v,3.1.3,
nyárë,"tale, account",n,3.1.3,
óma,voice,n,3.1.3,
parma,book,n,3.1.3,
quenta,story,n,3.1.3,
quet-,"to say, speak",v,3.1.3,
quetta,word,n,3.1.3,
sarmë,writing,n,3.1.3,
tek-,to write,v,3.1.3,
tekil,pen,n,3.1.3,
tehta,"written mark, diacritic",n,3.1.3,
tengwa,letter (of the alphabet),n,3.1.3,
yal-,"to summon, call",v,3.1.3,
fëa,"spirit, soul",n,3.2.5,
lairë,poem,n,3.2.5,
lilta-,to dance,v,3.2.5,
lindalë,music,n,3.2.5,
lindo,singer,n,3.2.5,
lir-,to sing,v,3.2.5,
liru-,to sing (gaily),v,3.2.5,
lírë (líri-),song,n,3.2.5,
nandë,harp,n,3.2.5,
nyellë,bell,n,3.2.5,
róma,horn (musical),n,3.2.5,
simpa,flute,n,3.2.5,
tompa,drum,n,3.2.5,
a,oh,interj,3.3.4,
á,(request/command),particle,3.3.4,
ai,"ah, alas",interj,3.3.4,
aiya,hail,interj,3.3.4,
kar-,"to do, make",v,3.3.4,
ela,behold,interj,3.3.4,
fasta-,to please,v,3.3.4,
hanta-,to thank / give thanks,v,3.3.4,
ma,(question word),adv,3.3.4,
márië,"well, happily; goodness, happiness","adv, n",3.3.4,
márienna,to happiness (farewell),interj,3.3.4,
máriessë,in happiness (greeting),interj,3.3.4,
mekin,please,adv,3.3.4,
mer-,"to hope, wish, want",v,3.3.4,
ná,yes,interj,3.3.4,
namárië,farewell,interj,3.3.4,
tar,"honorific, sir, madam",n,3.3.4,
ui,no,interj,3.3.4,
yé,lo,interj,3.3.4,
ambarónë,dawn,n,3.4.4,
andúnë,sunset; the West,n,3.4.4,
arin,morning,n,3.4.4,
aurë,day(time),n,3.4.4,
ken-,"to see, look",v,3.4.4,
enar,tomorrow,n,3.4.4,
lómë,night,n,3.4.4,
nöa,yesterday,n,3.4.4,
ré,day (24 hours),n,3.4.4,
síra,today,n,3.4.4,
undómë,"twilight, dusk",n,3.4.4,
amba,up(wards),adv,3.4.4,
formen,north,n,3.4.4,
forya,right (hand),adj,3.4.4,
haira,"far, remote",adj,3.4.4,
haiya,far away,adv,3.4.4,
hyarmen,south,n,3.4.4,
hyarya,left (hand),adj,3.4.4,
númen,west,n,3.4.4,
öa,away,adv,3.4.4,
orya-,to rise,v,3.4.4,
rómen,east,n,3.4.4,
undu,"down, beneath",adv,3.4.4,
vanwa,"lost, gone",adj,3.5,
Valimar,Home of the Valar,loc,3.5,
hir-,to find,v,3.5,
harma,treasure,n,4.1.4,
leuka,snake,n,4.1.4,
lúva,"bow, bend",n,4.1.4,
man,who,pron,4.1.4,
nólë,"lore, knowledge",n,4.1.4,
saila,wise,adj,4.1.4,
telko,leg; stem,n,4.1.4,
téma,"series, row, line",n,4.1.4,
tyellë,"grade, step (of ladder/stairs)",n,4.1.4,
urulókë,(fire) dragon,n,4.1.4,
ambos (ambor-),chest,n,4.2.4,
axo,bone,n,4.2.4,
hón (hom-),heart (physical),n,4.2.4,
hröa,body,n,4.2.4,
leper,finger,n,4.2.4,
má,hand,n,4.2.4,
pirë,toe,n,4.2.4,
ranko (ranku-),arm,n,4.2.4,
serkë (serki-),blood,n,4.2.4,
súma,bosom,n,4.2.4,
tál (tal-),foot; bottom,n,4.2.4,
telko,leg; stem,n,4.2.4,
karnë (karni-),red,adj,4.2.4,
kuluina,"orange, golden-red",adj,4.2.4,
fána,white,adj,4.2.4,
laika,green,adj,4.2.4,
laurëa,golden (light or colour),adj,4.2.4,
luinë (luini-),blue,adj,4.2.4,
malina,yellow,adj,4.2.4,
mísë (mísi-),grey,adj,4.2.4,
morna,black,adj,4.2.4,
néka,"pale, dim",adj,4.2.4,
ninquë (ninqui-),white; chill,adj,4.2.4,
quilë,colour,n,4.2.4,
sinda,grey,adj,4.2.4,
varnë (varni-),brown,adj,4.2.4,
apsa,meat (cooked),n,4.3.4,
kuluma,orange (fruit),n,4.3.4,
lamba,tongue (physical),n,4.3.4,
lav-,to lick,v,4.3.4,
limpë,wine,n,4.3.4,
massa,bread,n,4.3.4,
masta-,to bake,v,4.3.4,
mat (matt-),meal,n,4.3.4,
mat-,to eat,v,4.3.4,
matta,food,n,4.3.4,
maxa,to cook,v,4.3.4,
miruvórë,"mead, nectar-drink",n,4.3.4,
nak-,to bite,v,4.3.4,
nehtë,honey,n,4.3.4,
nén (nen-),water,n,4.3.4,
orva,apple,n,4.3.4,
quëa,vegetable,n,4.3.4,
ulya-,to pour,v,4.3.4,
yávë,fruit,n,4.3.4,
yul-,to drink,v,4.3.4,
yulda,drink,n,4.3.4,
yulma,cup,n,4.3.4,
ala-,"to flourish, grow",v,4.4.4,
kaita-,"to lie (down); to lay, place",v,4.4.4,
kav-,to receive,v,4.4.4,
kes-,"to search, examine",v,4.4.4,
koita-,to live (is alive),v,4.4.4,
hlar-,to hear,v,4.4.4,
lah-,to kick,v,4.4.4,
lauta-,to abound,v,4.4.4,
nem-,to seem,v,4.4.4,
nir-,"to press, push",v,4.4.4,
pas-,to smooth,v,4.4.4,
raf-,to snatch,v,4.4.4,
rer-,to sow,v,4.4.4,
tup-,to cover,v,4.4.4,
virya-,to change,v,4.4.4,
vista-,to change (something),v,4.4.4,
erdë,seed,n,4.4.4,
öa,away,adv,4.4.4,
olva,plant,n,4.4.4,
resta,field (tilled),n,4.4.4,
telumë,roof,n,4.4.4,
kala,light,n,4.5.3,
kalima,bright,adj,4.5.3,
kemen,earth,n,4.5.3,
helkë,ice,n,4.5.3,
hris,to snow (impersonal),v,4.5.3,
lauka,warm,adj,4.5.3,
lossë,snow; snow-white; (white) blossom,"n, adj",4.5.3,
morë (mori-),dark,adj,4.5.3,
mornië,darkness,n,4.5.3,
nárë,fire,n,4.5.3,
nén (nen-),water,n,4.5.3,
niqu-,"to be cold, freeze",v,4.5.3,
ringa,cold,adj,4.5.3,
ringë (ringi-),cold,n,4.5.3,
sar (sarn-),(small) stone,n,4.5.3,
tinta-,to kindle,v,4.5.3,
ul-,to rain (impersonal),v,4.5.3,
ulo (ulu-),rain,n,4.5.3,
úra,hot (unpleasantly),adj,4.5.3,
úrë,heat,n,4.5.3,
vista,air (as a substance),n,4.5.3,
kirya,ship,n,4.6,
fairë,"spirit, phantom",n,4.6,
hresta,"shore, beach",n,4.6,
maiwë,gull,n,4.6,
man,who,pron,4.6,
métima,"last, ultimate",adj,4.6,
ve,"as, like",prep,4.6,
yaimë,wail,n,4.6,
yaimëa,wailing,adj,4.6,
anka,jaws,n,5.2.4,
anto,mouth,n,5.2.4,
kas (kar-),head; top,n,5.2.4,
fanga,beard,n,5.2.4,
findë,hair,n,5.2.4,
hen (hend-),eye,n,5.2.4,
hlas (hlar-),ear,n,5.2.4,
lamba,tongue (physical),n,5.2.4,
lango,"neck, throat",n,5.2.4,
nelet (nelk-),tooth,n,5.2.4,
nengwë (nengwi-),nose,n,5.2.4,
peu,lips (as a pair),n,5.2.4,
pé,(closed) mouth,n,5.2.4,
pempë,a lip,n,5.2.4,
súlë,breath; (movement of) spirit,n,5.2.4,
appa-,to touch,v,5.2.4,
ken-,"to see, look",v,5.2.4,
hlar-,to hear,v,5.2.4,
hlón (hlon-),noise,n,5.2.4,
láma,sound,n,5.2.4,
lasta-,to listen,v,5.2.4,
lissë (lissi-),sweet,adj,5.2.4,
naxa,sour,adj,5.2.4,
nísima,fragrant,adj,5.2.4,
nusta-,to smell,v,5.2.4,
palta-,"to feel, stroke",v,5.2.4,
saura,"stinking, vile",adj,5.2.4,
sára,bitter,adj,5.2.4,
tana-,to show,v,5.2.4,
tyav-,to taste,v,5.2.4,
tyávë,taste,n,5.2.4,
tir-,to watch,v,5.2.4,
ala-,"to flourish, grow (plants)",v,5.3.2,
alda,tree,n,5.3.2,
erdë,seed,n,5.3.2,
lassë,leaf,n,5.3.2,
losta-,to bloom,v,5.3.2,
lótë,flower,n,5.3.2,
olva,plant,n,5.3.2,
ornë,(tall) tree,n,5.3.2,
rer-,to sow,v,5.3.2,
resta,field (tilled),n,5.3.2,
salquë,grass,n,5.3.2,
sap-,to dig,v,5.3.2,
tarwa,garden,n,5.3.2,
tuia,to sprout,v,5.3.2,
kap-,to jump,v,5.4.2,
kelu-,to flow (forth),v,5.4.2,
hat-,to throw,v,5.4.2,
hilya-,to follow,v,5.4.2,
hyalta-,"to strike, make ring",v,5.4.2,
lah-,to kick,v,5.4.2,
lanta-,to fall,v,5.4.2,
lev-,to move (intr.),v,5.4.2,
lut-,"to float, sail",v,5.4.2,
nir-,"to press, push",v,5.4.2,
nor-,to run,v,5.4.2,
orya-,to rise,v,5.4.2,
orta-,"to raise, lift",v,5.4.2,
pata-,to walk,v,5.4.2,
sirya-,to flow,v,5.4.2,
talta-,"to collapse, fall (down)",v,5.4.2,
apta-,to refuse,v,5.5.5,
áva,don't,interj,5.5.5,
ëa-,to exist,v,5.5.5,
ma,something,pron,5.5.5,
mo,someone,pron,5.5.5,
ná-,to be,v,5.5.5,
naitë,TRUE,adj,5.5.5,
naitië,"indeed, truely",adv,5.5.5,
nat,thing,n,5.5.5,
ola-,"to become, grow",v,5.5.5,
ú,not,adv,5.5.5,
ui,no,interj,5.5.5,
ui-,to not be,v,5.5.5,
vá(n),(I) won't,interj,5.5.5,
váquet-,to forbid,v,5.5.5,
lá,"no, not",adv,5.5.5,
lá-,to not be,v,5.5.5,
alkar,glory,n,5.5.5,
arya,"excelling, better",adj,5.5.5,
laita-,to praise,v,5.5.5,
loima,mistake,n,5.5.5,
mai,well,adv,5.5.5,
maira,"admirable, excellent",adj,5.5.5,
manë,good (moral),adj,5.5.5,
mára,"good, useful",adj,5.5.5,
márië,"well, happily; goodness, happiness","adv, n",5.5.5,
raxë,danger,n,5.5.5,
ulka,evil,adj,5.5.5,
urra,bad,adj,5.5.5,
úvanima,ugly,adj,5.5.5,
vanima,beautiful,adj,5.5.5,
verya-,to dare,v,5.5.5,
verya,"brave, bold",adj,5.5.5,
voronda,"faithful, loyal",adj,5.5.5,
kendë,point,n,5.6,
-inkë (-ikkë),little,suf,5.6,
linda,"soft, gentle, light",adj,5.6,
lissë,sweet,adj,5.6,
miquë,kiss,n,5.6,
nië,tear,n,5.6,
nieninquë,snowdrop,n,5.6,
sana,that (previously mentioned),adj,5.6,
ta,that,pron,5.6,
tanna,thither,adv,5.6,
káno,commander,n,6.1.4,
kastol,helmet,n,6.1.4,
kosta-,to quarrel,v,6.1.4,
kotto,enemy,n,6.1.4,
ehtë (ehti-),spear,n,6.1.4,
hesto,captain,n,6.1.4,
makil,sword,n,6.1.4,
mahta-,"to handle, wield; to fight",v,6.1.4,
ohta,war,n,6.1.4,
rainë,peace,n,6.1.4,
rehta-,"to rescue, save",v,6.1.4,
roquen,"rider, knight",n,6.1.4,
sanda,shield,n,6.1.4,
tur-,"to conquer, rule",v,6.1.4,
turu-,"to master, defeat",v,6.1.4,
varna,"safe, protected",adj,6.1.4,
varya-,to protect,v,6.1.4,
aiwë,bird,n,6.2.2,
alqua,swan,n,6.2.2,
ango (angu-),snake,n,6.2.2,
huo,dog,n,6.2.2,
laman (lamn-),animal,n,6.2.2,
leuka,snake,n,6.2.2,
lingwë (lingwi-),fish,n,6.2.2,
lopoldë,rabbit,n,6.2.2,
máma,sheep,n,6.2.2,
miuë (miuy-),cat,n,6.2.2,
morko,bear,n,6.2.2,
mundo,bull,n,6.2.2,
nyarro,rat,n,6.2.2,
ohtë,egg,n,6.2.2,
porokë,chicken,n,6.2.2,
quákë,frog,n,6.2.2,
ráka,wolf,n,6.2.2,
rauro,lion,n,6.2.2,
rokko,horse,n,6.2.2,
soron (sorn-),eagle,n,6.2.2,
urulókë,(fire) dragon,n,6.2.2,
yaxë,cow,n,6.2.2,
epë,after (time); before (place),prep,6.3.4,
illumë,always,adv,6.3.4,
lú,"time, occasion",n,6.3.4,
lúmë,"(period of) time, hour",n,6.3.4,
metta,"ending, end",n,6.3.4,
né,ago,adv,6.3.4,
nessa,young,adj,6.3.4,
nó,before (time); at back of (place),prep,6.3.4,
oialë,forever,adv,6.3.4,
pusta-,to stop,v,6.3.4,
ron(go),soon,adv,6.3.4,
sí,now,adv,6.3.4,
tá,then,adv,6.3.4,
telya-,to finish,v,6.3.4,
ter,through,prep,6.3.4,
tulma,event,n,6.3.4,
vinya,"new, young",adj,6.3.4,
yára,old,adj,6.3.4,
yesta,beginning,n,6.3.4,
amba,more,adj,6.4.4,
ambë,more,adv,6.4.4,
kumma,empty,adj,6.4.4,
fárëa,enough,adj,6.4.4,
eressëa,lonely,adj,6.4.4,
ilya,"every, each",adj,6.4.4,
ilyë,all (pl.),adj,6.4.4,
métima,"last, ultimate",adj,6.4.4,
not-,to count,v,6.4.4,
nótë,number,n,6.4.4,
quanta,full,adj,6.4.4,
quanta-,to fill,v,6.4.4,
rië,only,adv,6.4.4,
rimbë,"host, crowd",n,6.4.4,
telda,"last, final",adj,6.4.4,
min,one,num,6.5.1,
atta,two,num,6.5.1,
neldë,three,num,6.5.1,
kanta,four,num,6.5.1,
lempë,five,num,6.5.1,
enquë,six,num,6.5.1,
otso,seven,num,6.5.1,
toldo,eight,num,6.5.1,
nertë,nine,num,6.5.1,
quëan,ten,num,6.5.1,
minquë,eleven,num,6.5.1,
yunquë,twelve,num,6.5.1,
er,"one, alone","adj, adv",6.5.1,
yúyo,both,adj,6.5.1,
minya,first,num,6.5.2,
attëa,second,num,6.5.2,
neldëa,third,num,6.5.2,
otsëa,seventh,num,6.5.2,
quainëa,tenth,num,6.5.2,
nelquë,thirteen,num,6.5.3,
kanquë,fourteen,num,6.5.3,
lepenquë,fifteen,num,6.5.3,
enenquë,sixteen,num,6.5.3,
otoquë,seventeen,num,6.5.3,
tolquë,eighteen,num,6.5.3,
neterquë,nineteen,num,6.5.3,
yuquain,twenty,num,6.5.3,
nelquain,thirty,num,6.5.3,
kanquain,forty,num,6.5.3,
lepenquain,fifty,num,6.5.3,
enquain,sixty,num,6.5.3,
otoquain,seventy,num,6.5.3,
tolquain,eighty,num,6.5.3,
neterquain,ninety,num,6.5.3,
enyalië,memory,n,6.6,
mahalma,throne,n,6.6,
sina,this,adj,6.6,
tennoio,forever(more),adv,6.6,
termar-,"to endure, last",v,6.6,
vanda,oath,n,6.6,
voronda,"faithful, loyal",adj,6.6,
voronwë,"faith, loyalty",n,6.6,
alfírima,immortal,adj,7.1.4,
koita-,to live (is alive),v,7.1.4,
fir-,to die (naturally),v,7.1.4,
fírië,(natural) death,n,7.1.4,
firin,dead (naturally),adj,7.1.4,
lor-,to sleep,v,7.1.4,
lórë,sleep,n,7.1.4,
nahta-,to slay,v,7.1.4,
óla-,to dream (impersonal),v,7.1.4,
onta-,"to beget, create",v,7.1.4,
qual-,to die,v,7.1.4,
qualin,dead,adj,7.1.4,
qualmë,death (agony),n,7.1.4,
olor,dream,n,7.1.4,
quel-,to fade,v,7.1.4,
ser-,"to rest, tarry",v,7.1.4,
sérë,"rest, repose",n,7.1.4,
karka,fang,n,7.2.4,
fara-,to hunt,v,7.2.4,
faralë,hunt,n,7.2.4,
farna,prey,n,7.2.4,
hlik-,"to creep, sneak",v,7.2.4,
norta-,"to ride, (lit.) make run",v,7.2.4,
nurta-,to hide,v,7.2.4,
pilin (pilind-),arrow,n,7.2.4,
pimpë,tail,n,7.2.4,
pol-,"can, to be able to",v,7.2.4,
quessë,feather,n,7.2.4,
quinga,bow (for shooting),n,7.2.4,
ráma,wing,n,7.2.4,
rassë,horn,n,7.2.4,
rembë,net,n,7.2.4,
remba-,"to net, trap",v,7.2.4,
roita-,"to pursue, chase",v,7.2.4,
ronyo,hunting dog,n,7.2.4,
ana,"to, towards",prep,7.3.7,
ara,"beside, next to, by",prep,7.3.7,
endë,centre,n,7.3.7,
endëa,middle,adj,7.3.7,
et,out (of),prep,7.3.7,
imbë,between,prep,7.3.7,
imbi,among (pl.),prep,7.3.7,
inga,top,n,7.3.7,
mi,in,prep,7.3.7,
minna,into,prep,7.3.7,
nómë,place,n,7.3.7,
nu,under,prep,7.3.7,
ó,(together) with,prep,7.3.7,
or,above,prep,7.3.7,
sinomë,"here, this place",adv,7.3.7,
sundo,"base, root",n,7.3.7,
tanomë,"there, that place",adv,7.3.7,
tára,"high, lofty",adj,7.3.7,
tárië,height,n,7.3.7,
tel (teld-),end (spatial),n,7.3.7,
tellë,rear,n,7.3.7,
tillë,"tip, point",n,7.3.7,
tumna,low,adj,7.3.7,
an,for,conj,7.4.3,
ar,and,conj,7.4.3,
i,the,article,7.4.3,
i,"who, what, which (relative pronoun)",pron,7.4.3,
hya,or,conj,7.4.3,
mal,but,conj,7.4.3,
násië,"amen, may it be so",adv,7.4.3,
sië,thus,adv,7.4.3,
úsië,on the contrary,adv,7.4.3,
ya,"that, which (relative pronoun)",pron,7.4.3,
yá,when,conj,7.4.3,
ye,"who, that (personal relative)",pron,7.4.3,
yo,both ... and,conj,7.4.3,
yú,"too, also",adv,7.4.3,
ataformaitë,ambidextrous,adj,7.5,
ké,if,conj,7.5,
kendelë,"face, visage",n,7.5,
epetai,consequently,conj,7.5,
hyarma,left-hand,n,7.5,
quer-,to turn,v,7.5,
senya,usual,adj,7.5,
síma,imagination,n,7.5,
tenta-,to point,v,7.5,
kar-,"to do, make",v,8.1.9,
karda,"deed, action",n,8.1.9,
kúna-,to bend,v,8.1.9,
mólë,"labour, work",n,8.1.9,
móta-,to work,v,8.1.9,
niqu-,"to be cold, freeze",v,8.1.9,
nut-,to tie,v,8.1.9,
pella,beyond (the boundary of),prep,8.1.9,
rak-,to break,v,8.1.9,
sulpa-,to lay up,v,8.1.9,
tamba-,to knock,v,8.1.9,
tengwa-,to read (writing),v,8.1.9,
tuk-,to pull,v,8.1.9,
tyar-,to cause,v,8.1.9,
tyaro,"doer, agent",n,8.1.9,
man,who,pron,8.2.1,
mana,"what, which",pron,8.2.1,
massë,where,adv,8.2.1,
manna,whither,adv,8.2.1,
mallo,whence,adv,8.2.1,
manen,how,adv,8.2.1,
malumë,when,adv,8.2.1,
manan,why,adv,8.2.1,
kesta-,to ask,v,8.2.2,
hanquenta,answer,n,8.2.2,
hanquet-,to answer,v,8.2.2,
maquet-,to question,v,8.2.2,
aistana,blessed,adj,8.2.4,
alassë,happiness,n,8.2.4,
alassëa,happy,adj,8.2.4,
almë,good fortune,n,8.2.4,
avalda,excited,adj,8.2.4,
estel,"hope, faith",n,8.2.4,
fasta-,to please,v,8.2.4,
felmë,emotion,n,8.2.4,
hórëa,impulsive,adj,8.2.4,
írë,desire,n,8.2.4,
lala-,to laugh,v,8.2.4,
mel-,to love (deeply),v,8.2.4,
melda,"dear, beloved",adj,8.2.4,
melmë,love,n,8.2.4,
mer-,"to hope, wish, want",v,8.2.4,
miqu-,to kiss,v,8.2.4,
miquë,kiss,n,8.2.4,
nilmë,friendship,n,8.2.4,
raita-,to smile,v,8.2.4,
tyal-,to play,v,8.2.4,
yermë,sexual desire,n,8.2.4,
aha,rage,n,8.3.3,
hráva,wild,adj,8.3.3,
mailëa,lustful,adj,8.3.3,
naika,painful,adj,8.3.3,
naikë,pain,n,8.3.3,
naina-,to lament,v,8.3.3,
nairë,sorrow,n,8.3.3,
nairëa,"sad, sorrowful",adj,8.3.3,
nië,tear (from crying),n,8.3.3,
nwalmë,torment,n,8.3.3,
raiqua,angry,adj,8.3.3,
ruhta-,to terrify,v,8.3.3,
sossë,fear,n,8.3.3,
sorya-,to be afraid,v,8.3.3,
tev-,to hate,v,8.3.3,
uhta-,to dislike,v,8.3.3,
yarra-,to growl,v,8.3.3,
ai,"ah, alas",interj,8.4,
oromar (oromard-),lofty hall,n,8.4,
únótima,"numberless, (lit.) uncountable",adj,8.4,
yén,Elvish long year (144 solar years),n,8.4,
alya,"rich, prosperous",adj,9.1.5,
anna,gift,n,9.1.5,
anta-,to give,v,9.1.5,
armar,goods (pl.),n,9.1.5,
kav-,to receive,v,9.1.5,
harma,treasure,n,9.1.5,
lep-,to take,v,9.1.5,
mahar,"tradesman, merchant",n,9.1.5,
manka-,to trade,v,9.1.5,
mapa-,"to grasp, seize",v,9.1.5,
mirwa,"precious, valuable",adj,9.1.5,
net-,to get,v,9.1.5,
pen-,"not to have, lack",v,9.1.5,
penya,"lacking, poor",adj,9.1.5,
sam-,to have,v,9.1.5,
telpë,"silver, money",n,9.1.5,
kat-,"to shape, fashion",v,9.2.4,
karasta-,to build,v,9.2.4,
kirma,knife,n,9.2.4,
kurwë,"craft, skill (of the hand)",n,9.2.4,
emma,picture,n,9.2.4,
namba,hammer,n,9.2.4,
namba-,to hammer,v,9.2.4,
tak-,to fasten,v,9.2.4,
tanka,"firm, fixed, sure",adj,9.2.4,
tamma,tool,n,9.2.4,
tamo,"smith,, builder",n,9.2.4,
taxë,nail,n,9.2.4,
tamin,forge,n,9.2.4,
aqua,"fully, completely",adv,9.3.2,
ké,"maybe, possibly",adv,9.3.2,
en,yonder; then (future),adv,9.3.2,
né,ago,adv,9.3.2,
mai,well,adv,9.3.2,
néya,"once, at one time",adv,9.3.2,
öa,away,adv,9.3.2,
rië,only,adv,9.3.2,
ron(go),soon,adv,9.3.2,
sí,now,adv,9.3.2,
tá,then (past),adv,9.3.2,
kol-,"to carry, bear, wear",v,9.3.2,
kollo,cloak,n,9.3.2,
korma,ring,n,9.3.2,
hampë,clothing,n,9.3.2,
hyapat,shoe,n,9.3.2,
lapuë,shirt,n,9.3.2,
mírë,"jewel, gem",n,9.3.2,
quilta,belt,n,9.3.2,
serindë,seamstress,n,9.3.2,
ser-,to sew,v,9.3.2,
tankal,brooch,n,9.3.2,
vakko,jacket,n,9.3.2,
amanya,blessed,adj,9.4.4,
arya,"excelling, better",adj,9.4.4,
kólima,"light, bearable",adj,9.4.4,
finwa,"dexterous, clever",adj,9.4.4,
helka,icy,adj,9.4.4,
lauka,warm,adj,9.4.4,
lungo (lungu-),heavy,adj,9.4.4,
maika,sharp,adj,9.4.4,
mussë,soft,adj,9.4.4,
nenda,wet,adj,9.4.4,
norna,"hard, tough",adj,9.4.4,
parka,dry,adj,9.4.4,
pasta,smooth,adj,9.4.4,
poika,"clean, pure",adj,9.4.4,
poita-,to clean,v,9.4.4,
ringa,cold,adj,9.4.4,
ringë (ringi-),cold,n,9.4.4,
vára,dirty,adj,9.4.4,
úra,hot (unpleasantly),adj,9.4.4,
úrë,heat,n,9.4.4,
anarya,sunday,n,9.5.1,
isilya,monday; moon-day,n,9.5.1,
aldúya,tuesday; trees-day,n,9.5.1,
menelya,wednesday; heavens-day,n,9.5.1,
eärenya,thursday; sea-day (not in Elvish week),n,9.5.1,
valanya,friday; vala-day,n,9.5.1,
elenya,saturday; star-day,n,9.5.1,
narvinyë,january; new-fire,n,9.5.2,
nénimë,fecruary; wetness,n,9.5.2,
súlimë,march; windy,n,9.5.2,
víressë,april; freshness,n,9.5.2,
lótessë,may; flowery,n,9.5.2,
nárië,june; firey,n,9.5.2,
kermië,july; earthy,n,9.5.2,
úrimë,august; hotness,n,9.5.2,
yavannië,september; yavanna-ness,n,9.5.2,
narquelië,october; sun-fading,n,9.5.2,
hísimë,november; misty,n,9.5.2,
ringarë,december; coldness,n,9.5.2,
tuilë,"spring, budding",n,9.5.3,
lairë,summer,n,9.5.3,
yávië,"autumn, harves",n,9.5.3,
quellë,"late autumn, fading",n,9.5.3,
hrívë,winter,n,9.5.3,
koirë,"early spring, stirring",n,9.5.3,
as,with,prep,9.6,
aistana,blessed,adj,9.6,
heru,lord,n,9.6,
imíka,among,prep,9.6,
móna,womb,n,9.6,
asarta,doctor,n,10.1.3,
asëa,healing herb,n,10.1.3,
engwa,sickly,adj,10.1.3,
hlaiwa,sick,adj,10.1.3,
hlívë,sickness,n,10.1.3,
harna-,to wound,v,10.1.3,
hasa-,"to treat, cure",v,10.1.3,
limpa,"frail, weak",adj,10.1.3,
lumba,weary,adj,10.1.3,
málë,good health,n,10.1.3,
turka,strong (physically),adj,10.1.3,
sissë,here,adv,10.2.2,
tassë,there,adv,10.2.2,
sinomë,"here, this place",adv,10.2.2,
tanomë,"there, that place",adv,10.2.2,
sinna,to here,adv,10.2.2,
tanna,to there,adv,10.2.2,
sir(a),hither,adv,10.2.2,
tar(a),thither,adv,10.2.2,
silo,"hence, from here",adv,10.2.2,
talo,"thence, from there",adv,10.2.2,
sinen,by this means,adv,10.2.2,
tanen,in that way,adv,10.2.2,
sillë,like this,adv,10.2.2,
tallë,like that,adv,10.2.2,
sítë,of this sort,adv,10.2.2,
taitë,of that sort,adv,10.2.2,
sívë,"as, this like",prep,10.2.2,
tambë,"so, that like",prep,10.2.2,
tama,that matter,pron,10.2.2,
ampano,building,n,10.2.3,
kalma,lamp,n,10.2.3,
kaima,bed,n,10.2.3,
köa,house,n,10.2.3,
fendë,door,n,10.2.3,
hanwa,chair,n,10.2.3,
mar-,"to live, dwell",v,10.2.3,
már (mar-),home,n,10.2.3,
paluhta,table,n,10.2.3,
ramba,wall,n,10.2.3,
sambë,room,n,10.2.3,
tópa,roof,n,10.2.3,
imni,myself,pron,10.3.1,
intyë,yourself (familiar),pron,10.3.1,
imlë,yourself (polite),pron,10.3.1,
insë,"himself, herself",pron,10.3.1,
insa,itself,pron,10.3.1,
immë,ourselves (exclusive),pron,10.3.1,
inwë,ourselves (inclusive),pron,10.3.1,
indë,yourselves,pron,10.3.1,
intë,themselves,pron,10.3.1,
-xë,he/she ... himself/herself,suf,10.3.2,
-xer,they ... themselves,suf,10.3.2,
-xet,they two ... themselves,suf,10.3.2,
ampa,hook,n,10.3.3,
assa,hole,n,10.3.3,
kanta,shape,n,10.3.3,
kantil,rectangle,n,10.3.3,
korna,round,n,10.3.3,
koron (korn-),"globe, ball",n,10.3.3,
imya,"same, identical",adj,10.3.3,
neltil,triangle,n,10.3.3,
rindë,circle,n,10.3.3,
téma,"series, row, line",n,10.3.3,
ve,"as, like",prep,10.3.3,
vëa,"seeming, apparent",adj,10.3.3,
véla,"alike, similar",adj,10.3.3,
virya-,to change,v,10.3.3,
vista-,to change (something),v,10.3.3,
pol-,"can, to be (physically) able to",v,10.4.1,
ista-,to know (how to),v,10.4.1,
lerta-,to be free (to do),v,10.4.1,
ek-,"may, might, to have a chance to (used impersonally)",v,10.4.1,
mauya-,to compel; must (used impersonally),v,10.4.1,
anga,iron,n,10.4.2,
kalka,glass,n,10.4.2,
kolka,box,n,10.4.2,
hempa,"cord, rope",n,10.4.2,
lannë,cloth,n,10.4.2,
malta,gold (metal),n,10.4.2,
ondo,"rock, stone (as material)",n,10.4.2,
poko,bag,n,10.4.2,
telpë,"silver, money",n,10.4.2,
tinko,metal,n,10.4.2,
tó,wool,n,10.4.2,
töa,wood (as material),n,10.4.2,
aranië,kingdom,n,10.5,
ëa,existence,n,10.5,
eruman,heaven,n,10.5,
han,beyond,prep,10.5,
indómë,will,n,10.5,
alasaila,unwise,adj,11.1.4,
enyal-,"to recall, remember",v,11.1.4,
finya,clever,adj,11.1.4,
handa,intelligent,adj,11.1.4,
hanya-,to understand,v,11.1.4,
inka,idea,n,11.1.4,
indo,(inner) mind the will,n,11.1.4,
induinen,purpose,n,11.1.4,
intya,"guess, notion",n,11.1.4,
intya-,to guess,v,11.1.4,
ista-,to know,v,11.1.4,
muina,secret,adj,11.1.4,
nem-,to seem,v,11.1.4,
nólë,"lore, knowledge",n,11.1.4,
órë,"heart (metaphorical), conscience",n,11.1.4,
par-,to learn,v,11.1.4,
saila,wise,adj,11.1.4,
sana-,to think,v,11.1.4,
sanar,"mind, thinker",n,11.1.4,
sanwë,thought,n,11.1.4,
sav-,to believe,v,11.1.4,
sinwa,"known, certain",adj,11.1.4,
aina,holy,adj,11.2.5,
ainas (ainass-),shrine,n,11.2.5,
ainu,"angel, holy spirit (m.)",n,11.2.5,
aini,"angel, holy spirit (f.)",n,11.2.5,
airë (airi-),holiness; holy,"n, adj",11.2.5,
kuruni,witch,n,11.2.5,
eru,"the one, god",n,11.2.5,
fairë,"spirit, phantom",n,11.2.5,
fëa,"spirit, soul",n,11.2.5,
húna,acursed,adj,11.2.5,
húta-,to curse,v,11.2.5,
hyam-,to pray,v,11.2.5,
lúkë,"enchantment, magic",n,11.2.5,
mána,blessing,n,11.2.5,
násië,"amen, may it be so",interj,11.2.5,
núlë,sorcery,n,11.2.5,
rauko,demon,n,11.2.5,
sairon,wizard,n,11.2.5,
umbar (umbart-),"fate, doom",n,11.2.5,
aran,king,n,11.3.8,
aranel,princess,n,11.3.8,
arda,"realm, world",n,11.3.8,
kundo (kundu-),prince,n,11.3.8,
heri,lady,n,11.3.8,
heru,lord,n,11.3.8,
heru-,to rule,v,11.3.8,
hildë (hildi-),"heir, follower",n,11.3.8,
mól,slave,n,11.3.8,
núro,servant,n,11.3.8,
omentië,meeting,n,11.3.8,
tári,queen,n,11.3.8,
kaimasan (kaimasamb-),bedroom,n,11.3.8,
filit (filik-),"sparrow, small bird",n,11.3.8,
hiswa,grey (of weather),adj,11.3.8,
hó,owl,n,11.3.8,
imbilat,deep valley,n,11.3.8,
líndë (lindi-),"singing, musical sound",n,11.3.8,
lós,inflorescence,n,11.3.8,
mal (malu-),"pollen, yellow powder",n,11.3.8,
luppo (luppu-),lump,n,11.3.8,
pí,small insect,n,11.3.8,
sú,sound of wind,n,11.3.8,
tirion,watch tower,n,11.3.8,
tyalië,"play, mirth",n,11.3.8,