quenya,english,eldamo-link,other-links,word-keys
Makili kirir orkor.,Swords cut orcs.,1.1,,"makil, kir-, orko"
I elda tuvë osto.,The elf finds (or discovers) a city.,1.1,,"elda, tuv-, osto"
Sílan.,I am shining.,1.1,,sil-
I aran tíra aiwi.,The king is watching birds.,1.1,,"aran, tir-, aiwë"
I naukor nórar.,The dwarves are running.,1.1,,"nauko, nor-"
Atani samir köar.,Men have houses.,1.1,,"atan, sam-, köa"
Tirin eleni.,I watch stars.,1.1,,"tir-, elen"
I aiwi lorir.,The birds sleep.,1.1,,"aiwë, lor-"
Samin aiwë.,I have a bird.,1.1,,"sam-, aiwë"
I eleni silir.,The stars shine.,1.1,,"elen, sil-"
Orko kirë i taurë.,An orc cuts the forest.,1.1,,"orko, kir-, taurë"
I hesto lóra.,The captain is sleeping.,1.1,,"hesto, lor-"
Aiwi mátar.,Birds are eating.,1.1,,"aiwë, mat-"
Tíran i köa.,I am watching the house.,1.1,,"tir-, köa"
I atani tuvir i eldar.,The men find (or discover) the elves.,1.1,,"atan, tuv-, elda"
Eldar ménar.,Elves are going.,1.1,,"elda, men-"
Nóras.,He/she is running.,1.2,,nor-
Tíralyë köanya.,You are watching my house.,1.2,,"tir-, lye, köa"
kirin lye.,I cut you.,1.2,,"kir-, lye"
Makilelyar sílar.,Your swords are shining.,1.2,,"makil, -(e)lya, sil-"
Mátalyes.,You are eating it.,1.2,,"mat-, lye, se"
Aranya ména.,His king is going.,1.2,,"aran, -(r)ya, men-"
Tuvinyë i taurë.,I find the forest.,1.2,,"tuv-, -n(yë), taurë"
I elda tiret.,The elf watches them.,1.2,,"elda, tir-"
Samil (or Samilyë) makilinya.,You have my sword.,1.2,,"sam-, -l(yë), makil, -(i)nya"
I hesto tuvë taurelyar.,The captain finds your forests.,1.2,,"hesto, tuv-, taurë, -(e)lya"
I elda tirë ostorya.,The elf watches his/her city.,1.2,,"elda, tir-, osto, -(r)ya"
Ménan or Ménanyë.,I am going.,1.2,,"men-, -n(yë)"
I nauko tuvë ni.,The dwarf finds me.,1.2,,"nauko, tuv-, ni"
Lóras or Lórassë.,He/she is sleeping.,1.2,,"lor-, -s(së)"
Orko mátas or Orko máta se.,An orc is eating him/her.,1.2,,"orko, mat-, se"
Aranyar norir.,His kings run.,1.2,,"aran, -(r)ya, nor-"
I turkë atani kirir i taurë sí.,The strong men cut the forest now.,1.3,,"turka, atan, kir-, taurë, sí"
Orko linquë.,An orc [is] wet.,1.3,,"orko, linquë"
Luinë aiwë lóra.,A blue bird is sleeping.,1.3,,luinë
I aran oialë tirë i osto.,The king forever watches the city.,1.3,,"aran, oialë, tir-, osto"
kirin i linta orko.,I cut the swift orc.,1.3,,"kir-, linta, orko"
kirin linta i orko.,I cut swift[ly] the orc.,1.3,,"kir-, linta, orko"
I eldar tírar i alkarin elen.,The elves are watching the glorious star.,1.3,,"elda, tir-, alkarin, elen"
Nalyë halla nauko.,You are a tall dwarf.,1.3,,"-l(yë), halla, nauko"
Aiwi menir palan.,Birds go far.,1.3,,"aiwë, men-, palan"
I qualini orkor luini.,The dead orcs are blue.,1.3,,"qualin, orko, luinë"
I hesto lorë mai.,The captain sleeps well.,1.3,,"hesto, lor-, mai"
I mai melda aran máta.,The well loved king is eating.,1.3,,"mai, melda, aran, mat-"
I atan nóra i orkollor.,The man is running from the orcs.,1.4,,"atan, nor-, orko, -(e)llo"
Aiwi lórar i tauressë.,Birds are sleeping in the forest.,1.4,,"aiwë, lor-, taurë"
Naukor nu i ambor.,Dwarves [are] under the hills.,1.4,,"nauko, nu, ambo"
I eleni silir menelessë.,The stars shine in the heavens.,1.4,,"elen, sil-, menel, -(e)ssë"
I hesto atanion ú makilo.,The captain of men [is] without a sword.,1.4,,"hesto, atan, ú, makil"
I aran sí menë ostoryanna.,The king now goes to his city.,1.4,,"aran, sí , men-, osto, -(r)ya, -(e)nna"
I orko turka ve anga.,The orc [is] strong like iron.,1.4,,"orko, turka, ve, anga"
I atani menir et i ostollo.,The men go out from the city.,1.4,,"atan, men-, et, osto, -(e)llo"
I nauko samë makil ango.,The dwarf has a sword of iron.,1.4,,"nauko, sam-, makil, anga"
Menel or i ambor.,The sky [is] above the hills.,1.4,,"menel, or, ambo"
Mátan mindoninyassë or Mátan mi mindoninya.,I am eating in my tower.,1.4,,"mat-, mindon, -(i)nya, mi, -(e)ssë"
Qualini eldar lorir oialë i ambossen.,Dead elves sleep forever in the hills.,1.4,,"qualin, elda, lor-, oialë, ambo, -(e)ssë"
I atan ar i nauko samir makili.,The man and the dwarf have swords.,1.5,,"atan, ar, nauko, sam-, makil"
Makili i kirir orkor silir luini.,Swords that cut orcs shine blue[ly].,1.5,,"makil, kir-, orko, sil-, luinë"
Samis makil yallo orkor norir.,He/she has a sword from which orcs run.,1.5,,"sam-, makil, ya, -(e)llo, orko, nor-"
Tíran i hesto orkoron yenna i orkor menir.,I am watching the captain of orcs to whom the orcs go.,1.5,,"tir-, hesto, orko, ye, -(e)nna, men-"
Eldar lorir i (“the”) tauressë i (“that”) orkor kirir.,Elves sleep in the forest that orcs cut.,1.5,,"elda, lor-, taurë, orko, kir-"
Atani tuvir i taurë yassë i eldar lorir.,Men find the forest where [= in which] the elves sleep.,1.5,,"atan, tuv-, taurë, ya, -(e)ssë, elda, lor-"
Eldar nórar i orkollon i kírar i taurë.,Elves are running from the orcs who are cutting the forest.,1.5,,"elda, nor-, orko, -(e)llo, kir-, taurë"
Atani ar naukor ménar i taurenna yallo i eldar norir.,Men and dwarves are going to the forest from which the elves run.,1.5,,"atan, ar, nauko, men-, taurë, -(e)nna, ya, -(e)llo, elda, nor-"
I rotto latë nu oron.,The cave lies (is situated) under a mountain.,2.2,,"rotto, lat-, oron"
Elda séra i opelessë.,An elf is resting/tarrying in the village.,2.2,,"elda, ser-, opele, -(e)ssë"
Tië tulyanë i atan i nórenna.,A road led the man to the country.,2.2,,"tië, tul-, atan, nórë, -(e)nna"
I men menë oialë.,The way goes forever.,2.2,,"men, men-, oialë"
I naukor váner i rottollo.,The dwarves departed from the cave.,2.2,,"nauko, auta-, rotto, -(e)llo"
I hesto tolunë ara raxarya.,The captain stood up beside his/her wagon.,2.2,,"hesto, tolu-, ara, raxa, -(r)ya"
I tië mennë et i nandollo.,The road went out from the valley.,2.2,,"tie, men-, nan(do), -(e)llo"
Sí anyëan i mindon.,Now I am arriving at the tower.,2.2,,"anya-, mindon"
Táral nu i telumë.,You are standing under the roof.,2.2,,"tar-, telumë"
I sírë kelu nu i yanta.,The river flows under the bridge.,2.2,,"sírë, kelu, yanta"
I atan mennë i ostonna.,The man went to the city.,2.2,,"atan, men-, osto, -(e)nna"
Autëas i taurello.,He/she is departing from the forest.,2.2,,"auta-, taurë, -(e)llo"
I orkor marir nu i oron.,The orcs dwell under the mountain.,2.2,,"orko, mar-, oron"
I hesto tultanë elda.,The captain sent for an elf.,2.2,,"hesto, tulta-, elda"
I sírë latë ara nórelya.,The river lies beside your country.,2.2,,"sírë, lat-, nórë"
Mallë tulya ni i mindonello.,A street leads me from the tower.,2.2,,"mallë, tulya-, mindon"
I noirë harë ambossë.,The tomb sits on a hill.,2.2,,"noirë, har-, ambo"
Nauko hárua köalyassë or mi köalya.,A dwarf is sitting down in your house.,2.2,,"nauko, har-, koa"
I mindon tára ar’ ailin.,The tower is standing by a lake.,2.2,,
I aran lendë Endorenna.,The king traveled to Middle-earth.,2.2,,
Meldonya tyelka.,My friend [is] hasty.,2.3,,
I nitya nauko nís.,The small dwarf [is] a woman.,2.3,,
I oronti aiquë.,The mountains [are] steep.,2.3,,
Seldolya senna quén.,Your boy [is] a short person.,2.3,,
I netti náner márë meldi.,The girls were good friends.,2.3,,
Nanyë lenka sí.,I am slow now.,2.3,,
Nauval qualin.,You will be dead.,2.3,,
I raika sírë i kelu ar’ i osto núra ná.,The crooked river that flows by the city is deep.,2.3,,
I aiwi i atani fárëar lintë nár.,The birds that men are hunting are swift.,2.3,,
Quilda ná.,It is quiet.,2.3,,
Hínarya nitya.,His/her child is small.,2.3,,
I núra nando náha.,The deep valley is narrow.,2.3,,
I neri meldor.,The men [males] are friends.,2.3,,
Térë síri yánë.,Straight rivers are wide.,2.3,,
I hallë mindoni náner raikë.,The tall towers were crooked.,2.3,,
Nauvan polda.,I will be burly.,2.3,,
I periandi nauvar tiukë.,The halflings will be fat.,2.3,,
Urra ná.,It is bad.,2.3,,
I perian i nóra i tauressë linta ná.,The halfling who is running in the forest is swift.,2.3,,
I eldar i tírar i aran quildë nár.,The elves who are watching the king are quiet.,2.3,,
I nissi marir i ostossë.,The women are in the city [semi-permanently].,2.3,,
I köa harë i ambossë.,The house is on the hill.,2.3,,
I tië latë nu i yanta.,The road is under the bridge.,2.3,,
I elda serë i köassë. Alternately harë.,The elf is in the house [temporarily].,2.3,,
I mindoni tarir i tauressë.,The towers are in the forest.,2.3,,
I kirya luntë et i ëarello ar mí londenna.,The ship sailed out of the sea and in to the harbour.,2.4,,
I nér i hára i falassessë kiryamo ná.,The man [male] that is sitting on the shore is a sailor.,2.4,,
I tyulma tára halla i luntessë.,The mast is standing tall on the boat.,2.4,,
Kiryar lutir ëaressë mal aiwi vilir vilyassë.,Ships sail on [the] sea but birds fly in [the] sky.,2.4,,
Isil sílë i ambonna.,The moon shone on the hill.,2.4,,
Lauka hwesta i ostossë mára ná.,A warm breeze in the city is good.,2.4,,
Anar kála ar i aiwi vílar vilyassë.,The sun is shining and the birds are flying in the sky.,2.4,,
Lumbor lutir fanyaressë.,Dark clouds float in the sky.,2.4,,
Falma i ailinessë nitya ná mal falma i ëaressë höa ná.,"A wave on the lake is small, but a wave on the sea is large.",2.4,,
I súrë turwa sí.,The wind is strong now.,2.4,,
Atan hya nauko tirë kemen mal elda tirë menel.,A man or a dwarf watches the earth but an elf watches the sky.,2.4,,
I nissi túler i tollenna yassë i eldar marir.,The women came to the island where (= on which) the elves live.,2.4,,
Lëa melë Oren ar Oren melë Lëa.,Lëa loves Oren and Oren loves Lëa.,2.5,,
Lëa ar Oren vestaner i tauressë.,Lëa and Oren married in the forest.,2.5,,
"Nosserya túlë i veryanwenna, mal nossë Oreno vánë i taurello.","Her family came to the wedding, but Oren’s family left the forest.",2.5,,
Atarya tarnë ara Lëa.,More literally: ... the family of Oren departed from the forest.,2.5,,
Amillë Lëo tirnë i ambollo.,Her father stood beside Lëa.,2.5,,
Nilderya Kissë nánë tanomë yú.,Lëa’s mother (or the mother of Lëa) watched from the hill.,2.5,,
I vesta nánë mára.,Her [casual] friend Cissë was there also.,2.5,,
Lëa ar Oren ontaner yondo Miro.,Lëa and Oren conceived [begat] a son Miro.,2.5,,
Lëa mélë i yondo veruryo.,Lëa loved the son of her husband.,2.5,,
Tá Lëa nostanë yeldë Tilë.,Then Lëa gave birth to a daughter Tilë.,2.5,,
Tilë melë hánorya Miro.,Tilë loves her brother Miro.,2.5,,
Miro tirë nésarya Tilë yá nostaryar menir i ostonna.,Miro watches his sister Tilë when his parents go to the city.,2.5,,
Essenya Lëa.,My name [is] Lëa.,3.1,,
Elerondo nyarnë i lúmequenta eldaron andanéya Arakornon.,Elrond told the history of Elves long ago to Aragorn.,3.1,,
I nettë téka tengwar tekilmen.,The girl is writing letters with a pen.,3.1,,
I atan quéta i neren.,The man [human] is speaking to the man [male].,3.1,,
Yallen yeldenya ómanyanen.,I called my daughter with my voice.,3.1,,
Estëan yondonya Miro.,I am naming my son Miro.,3.1,,
Tenkel parma hyalinwen.,You wrote a book with paper.,3.1,,
I nís henta parmar i aranen.,The woman reads books to the king.,3.1,,
I nettë quentë quetta amilleryan.,The girl spoke a word to her mother.,3.1,,
I nauko antanë tekil i seldon.,The dwarf gave a pen to the boy.,3.1,,
Liltëaldë i ambossen.,You (plural) are dancing on the hills.,3.2,,
Nyarnetyë lairetya ar nánes mára.,You (familiar) recited your poem and it was good.,3.2,,
Simpalya lirë nin.,Your (polite) flute sings to me.,3.2,,
Lindalë yalë fëalvar.,Music calls our spirits.,3.2,,
Túvelmë i orko ar tíralmes sí.,We (but not you) found the orc and we (but not you) are watching him/her now.,3.2,,
"Lírelvar lairi eldaron nár, ar nanta márë.","Our (including you) songs are poems of elves, and they (inanimate) are good.",3.2,,
Tekilya nánë linta ar liltanes i hyalinessë.,His pen was swift and it danced on the paper.,3.2,,
Yondonta lírua ven.,Their son is singing gaily to us (including you).,3.2,,
Samityë luine nyellë.,You (familiar) have a blue bell.,3.2,,
Tompaldar yálar te.,Your (plural) drums are calling them.,3.2,,
Lirnelmë aranelvan.,We (but not you) sang for our (including you) king.,3.2,,
I lindo sámë nandenya.,The singer had my harp.,3.2,,
Aiya! Ma tékal parma?,Hail! Are you writing a book?,3.3,,
Ná. Nauvas mára.,Yes. It will be good.,3.3,,
"A, merin henta sa.","Oh, I want to read it.",3.3,,
"Á anta i tekil nin, mekin.","Give the pen to me, please.",3.3,,
Káran sa sí.,I am doing it now.,3.3,,
Hantan lyen. Márienna.,Thank you. (Go) to happiness.,3.3,,
"Máriessë. Mára ná i túlel, tar.","(Stay) in happiness. It is good that you came, sir.",3.3,,
"Ná, hesto. Kenin i karnel i makil.","Yes, captain. I see that you made the sword.",3.3,,
"Ela! Karnenyes lyen, araninya.","Behold! I made it for you, my king.",3.3,,
Fastas ni mai.,It pleases me well.,3.3,,
"Antëanyes lyen, araninya.","I am giving it to you, my king.",3.3,,
Merin fara orkor sanen. Namárië!,I want to hunt orcs with it. Farewell!,3.3,,
Á tulë i taurenna lúmessë andúnëo.,Come to the forest at the hour of sunset.,3.4,,
Kenuvan amillenya enar.,I will see my mother tomorrow.,3.4,,
Merin serë lómessë.,I want to rest at night.,3.4,,
Isil oryuva amba rómenessë.,The moon will rise up in the east.,3.4,,
Nai Anar kaluva tyenna síra.,May the Sun shine on you (familiar) today.,3.4,,
"Yá kenin Valinorenna, formen forya ar hyarmen hyarya.","When I look towards Valinor, north [is] right and south [is] left.",3.4,,
Nai ambarónë lauka len (ná).,May the dawn be warm for you (plural).,3.4,,
I oron haiya mal kenuvalves i arinessë.,The mountain is far away but we (including you) will see it in the morning.,3.4,,
Á harë ré i rottossë.,Stay a day (24 hours) in the cave.,3.4,,
Isil menuva undu númenessë.,The Moon will go down in the west.,3.4,,
Anar kalë i auressë.,The Sun shines in the day.,3.4,,
Túlen i mindonenna nöa.,I came to the tower yesterday.,3.4,,
I atan hirnë i osto.,The man found the city.,4.1,,
Isil síla sí or tië.,The moon is shining now above a road.,4.1,,
I perian matuva aiwë enar.,The halfling will eat a bird tomorrow.,4.1,,
I nís merë marë mi taurë.,The woman wants to live in a forest.,4.1,,
I nauko fárëa i orkor nu i oron.,The dwarf is hunting the orcs under the mountain.,4.1,,
Aiwi vilir nu menel.,Birds fly under the heavens/sky.,4.1,,
Ninqui axor naukoron kaitar nu i oron.,[The] white bones of dwarves lie under the mountain.,4.2,,
Luini aiwi vílar or i andë tiër.,Blue birds are flying above the long roads.,4.2,,
I atano serkë karnë.,The man’s blood [is] red.,4.2,,
Kalmar kálar laurië i ostossë.,Lamps are shining golden[ly] in the city.,4.2,,
Kenin varni leperi máryo.,I see [the] brown fingers of his/her hand.,4.2,,
Mornë homi orquion serir amborintassë.,[The] black hearts of orcs rest in their chest.,4.2,,
I serkë-quilië mindoni tarir i ambossen.,The blood-coloured towers stand on the hills.,4.2,,
Híni samir nityë piri.,Children have little toes.,4.2,,
Turkë ranqui karir turwë atani.,Strong arms make powerful men.,4.2,,
I hesto kirnë i orquion telqui or telqui i orquion.,The captain cut the orcs’ legs.,4.2,,
Nékë fánë fanyar vilir fanyaressë.,Pale white clouds fly in the sky.,4.2,,
I sindë eldar marir laikë tauressen.,The grey elves dwell in green forests.,4.2,,
I nér maxëa apsa.,The man [male] is cooking meat.,4.3,,
I seldo antanë yávi i netten.,The boy gave fruits to the girl.,4.3,,
Amillenya mastëa massa sí.,My mother is baking bread now.,4.3,,
Atarelya nankë i orva.,Your father bit the apple.,4.3,,
Eldar karir miruvórë nehtenen.,Elves make mead with honey.,4.3,,
Quëar ar yávi mára matta (nár).,Vegetables and fruits are good food.,4.3,,
I veru ulyanë limpë veriryan.,The husband poured wine for his wife.,4.3,,
Á anta nin yulma neno.,Give [to] me a cup of water.,4.3,,
Matuvalvë mat ó i periandi síra.,We [and you] will eat a meal [together] with the halflings today.,4.3,,
Merin yulda limpëo sí.,I want a drink of wine now.,4.3,,
Lável mánya lambalyanen.,You licked my hand with [by means of] your tongue.,4.3,,
I nís mantë kuluma.,The woman ate an orange.,4.3,,
Nís rendë erdi restaryassë.,A woman sowed seeds in her field.,4.4,,
Olvali alaner lintë tanomë.,Some plants grew swift[ly] there.,4.4,,
I nís nemnë alassëa restaryassë.,The woman seemed happy in her field.,4.4,,
Matta launë i nissen.,Food abounded to the woman (= the woman had lots of food).,4.4,,
I nís mastanë massa.,The woman baked bread.,4.4,,
Nettë kambë massa i nissello.,A girl received bread from the woman.,4.4,,
Seldoli rapper i massa i nettello.,Some boys snatched the bread from the girl.,4.4,,
I nettë lakkë telko seldo.,The girl kicked the leg of a boy.,4.4,,
I seldor hlasser i nettë yalë i hesto.,The boys heard the girl call the captain.,4.4,,
Nirnentë i nettë öa ar nornentë i hestollo.,They pushed the girl away and they ran from the captain.,4.4,,
I hesto kensë i osto i seldoin.,The captain searched the city for the boys.,4.4,,
I telumë tumpë i híni.,The roof covered the children.,4.4,,
Kalali kálar i ostossë.,Some lights are shining in the city.,4.5,,
Uluva enar.,[It] will rain tomorrow.,4.5,,
I taurë lauka síra.,The forest [is] warm today.,4.5,,
I rottossë morë ná.,In the cave [it] is dark.,4.5,,
Hrísa ar i lossë ringa.,[It] is snowing and the snow [is] cold.,4.5,,
Nikunë nöa.,[It] was cold yesterday.,4.5,,
Nárë úra.,Fire [is] hot.,4.5,,
Nén linquë.,Water [is] wet.,4.5,,
Helkë ringa.,Ice [is] cold.,4.5,,
"Á tinta nárë, mekin.","Light [kindle] a lamp, please.",4.5,,
I vista lauka i koässë.,The air is warm in the house.,4.5,,
Olvar alar kemenessë.,Plants grow in the earth.,4.5,,
Hendunya tírat i orko atta.,My (pair of) eyes are watching the two orcs.,5.2,,
I nauko fanga ninquë yo sinda.,The dwarf’s beard [is] both white and grey.,5.2,,
Súlerya autëa peu i atano lenka.,His/her breath is leaving the man’s [human’s] lips slow[ly].,5.2,,
I hínat samit laurëa findë.,The pair of children have golden hair.,5.2,,
I elda nustanë i nísima hwesta.,The elf smelled the fragrant breeze.,5.2,,
Hlarin hlón i tauressë.,I hear a noise in the forest.,5.2,,
Ma hlarulya hlaret i arano quettar?,Do your ears hear the king’s words?,5.2,,
I aiwet lirnet i aldassë.,The pair of birds sang in the tree.,5.2,,
Lambarya tyávë sára quëa.,His tongue tasted a bitter vegetable.,5.2,,
Aiwi vilir or nór yo ëar.,Birds fly above both land and sea.,5.2,,
I perian mantë lissë orva ar’ i aldu.,The halfling ate a sweet apple beside the pair of trees.,5.2,,
Nustan saura orko.,I smell a stinking orc.,5.2,,
I perian álëa matta liëryan.,The halfling is growing food for his/her people.,5.3,,
I nettë kirnë salquë ataryan.,The girl cut grass for her father.,5.3,,
I erdi tuianer úrenen Anaro.,The seeds sprouted in [by means of] the heat of the Sun.,5.3,,
I nís tiruva hínali i naukoin.,The woman will watch (some) children for the dwarves.,5.3,,
I hesto quentë i aranen.,The captain spoke to the king.,5.3,,
Lóti márë nin (nár).,Flowers (are) good to me = I like flowers.,5.3,,
I naukor sapir malta aranintan.,The dwarves dig gold for their king.,5.3,,
Lóti lostar auressë.,Flowers bloom in daytime.,5.3,,
Tarwa mára olvain (ná).,A garden [is] good for plants.,5.3,,
I eldar antaner makilli i atanin.,The elves gave some swords to the men.,5.3,,
Alda aluva i restassë.,A tree will grow in the field.,5.3,,
I nér maxanë mat i perianden.,The man [male] cooked a meal for the halfling.,5.3,,
Akápien minna i sírë.,I have jumped into the river.,5.4,,
I kirya ulútië i londessë.,The ship has floated in the harbour.,5.4,,
I aran orortanië makilya.,The king has raised his sword.,5.4,,
I sírë ekélië i orontello.,The river has flowed from the mountain.,5.4,,
I nauko ihílië i atan.,The dwarf has followed the man.,5.4,,
I köa atalantië i lómessë.,The house has collapsed in the night.,5.4,,
I elda onórië i taurenna.,The elf has run to the forest.,5.4,,
I seldo inírië i nettë.,The boy has pushed the girl.,5.4,,
I atan apátië i ostonna.,The man has walked to the city.,5.4,,
Alanties i tarwassë.,He/she has fallen in the garden.,5.4,,
I nér orórië i arinessë.,The man [male] has risen in the morning.,5.4,,
I hesto ahyaltië i nyellë.,The captain has struck the bell.,5.4,,
I nauko ui halla,The dwarf is not tall.,5.5,,
Únen verya.,I was not brave.,5.5,,
I atani uir laituva i aran.,The men will not praise the king.,5.5,,
Áva menë i ostonna síra.,Do not go to the city today.,5.5,,
Ván! Ván menuva i ostonna.,I won’t! I will not go to the city.,5.5,,
I aran váquentë i voronda hesto auta.,The king forbade the loyal captain to leave.,5.5,,
I orko ui vanima.,The orc is not beautiful.,5.5,,
Áva verya i raxë i rottossë.,Do not dare the danger in the cave.,5.5,,
Ván! Ván karuva ulka nat.,I won’t! I will not do an evil thing.,5.5,,
I aran úne manë.,The king was not good [moral].,5.5,,
I seldo oluva maira.,The boy will become admirable.,5.5,,
I seldo aptanë menë i ostonna.,The boy refused to go to the city.,5.5,,
Ohta túlë i nórenna.,War came to the land.,6.1,,
I hesto tirnë i kottor i ambollo.,The captain watched the enemies from the hill.,6.1,,
Kánor i orkoron kostaner (or orquion).,The commanders of the orcs quarrelled.,6.1,,
I hesto ortanë ehtirya ar yallë i ohtari.,The captain raised his/her spear and called the warriors.,6.1,,
I ohtari mahtaner i orkor makilínen (or orqui).,The warriors fought the orcs with swords.,6.1,,
Varyanentë i hesto sandainen.,They protected the captain with shields.,6.1,,
I roqueni turuner i kottor ar rehtaner i eldar.,The knights defeated the enemies and rescued the elves.,6.1,,
I taurë nánë varna ar rainë entúlë.,The forest was safe and peace returned (“to return” =entul-).,6.1,,
Aiweli viller vilyassë.,Some birds flew in the sky (or in the air).,6.2,,
Rákali fárëar lopoldi.,Some wolves are hunting rabbits.,6.2,,
Alquali lútar i ailinessë.,Some swans are floating in the lake.,6.2,,
Porokéli ontaner ohteli.,Some chickens birthed (or laid) some eggs.,6.2,,
Rauroli amátier mámali.,Some lions have eaten some sheep.,6.2,,
Leukali serir salquessë.,Some snakes rest in grass.,6.2,,
Lamneli farar ar lamneli uir fara.,Some animals hunt and some animals do not hunt.,6.2,,
Lingwili matir ëaruilë.,Some fish eat seaweed (ëaruilë).,6.2,,
Miuyeli roitëar nyarroli.,Some cats are chasing (roita-) some rats.,6.2,,
Huoli tirner i yaxi.,Some dogs watched the cows.,6.2,,
Rokkoli onórier i sírinna.,Some horses have run to the river.,6.2,,
Morkoli mahtaner i urulókë.,Some bears fought the dragon.,6.2,,
Ohtaro hesto.,A warrior’s captain.,6.3,,
I eldava köa.,The elf’s house.,6.3,,
Arano ohtari.,A king’s warriors.,6.3,,
Ohtarwa makil.,A warrior’s sword.,6.3,,
Yávi aldaron.,Fruits of trees.,6.3,,
Yesta’n aurëo.,Beginning of the day.,6.3,,
Mindoni ohto.,Towers of war.,6.3,,
Ohtarívë makili.,Warriors’ swords.,6.3,,
I arano alkar or i aranwa alkar.,The king’s glory.,6.3,,
Köa alassëo or köa alasseva.,A house of joy (alassë).,6.3,,
Kennelvë i aran ep’ ambarónë.,We (and you) saw the king after dawn.,6.3,,
I yára elda quéta i nessa atanen sí.,The old elf is speaking to the young man now.,6.3,,
Andúnë metta i aurëo (ná).,Sunset (is) the end of the day.,6.3,,
Á pusta!,Stop!,6.3,,
Meluvan lye oialë.,I will love you forever.,6.3,,
Tarnes nó i köa.,He/she stood at the back of the house.,6.3,,
Kennen nís. I nís nánë halla.,I saw a woman. The woman was tall.,6.4,,
Altáriel Saila.,Altáriel [Galadriel] the Wise.,6.4,,
Ranko orko.,The arm of an orc.,6.4,,
Á yalë i hesto.,Call the captain.,6.4,,
Telda atan.,The last man.,6.4,,
I tyulma nirë kirya.,The mast pushes a ship.,6.4,,
Eleni silir menelessë.,Stars shine in the heavens.,6.4,,
Quetuvantë i aranen.,They will speak to the king.,6.4,,
Túves kumna rotto.,He/she found an empty cave.,6.4,,
I elda eressëa rimbessë.,The elf [is] lonely in a crowd.,6.4,,
Ui métima nótë.,It is not [the] last number.,6.4,,
Ilyë atani túler síra.,All [the] men came today.,6.4,,
Samilvë fárëa massa.,We (and you) have enough bread.,6.4,,
"Á quanta i yulma, mekin.","Fill the cup, please.",6.4,,
Rauro atta tirnet i máma,Two lions watched the sheep.,6.5,,
I hesto quéta i ohtarin neldë.,The captain is speaking to the three warriors.,6.5,,
Atani yuquain tarir i andossë.,Twenty men stand at/in the gate.,6.5,,
Á anta min makil nin.,Give one sword to me.,6.5,,
Yúyo nauko lórat mí mindon.,Both dwarves are sleeping in the tower.,6.5,,
Minya elda tarnë ar’ i ailin.,[The] first elf stood by the lake.,6.5,,
Issë qualuva makilmen.,Even he/she will die from [by means of] a sword.,7.1,,
Merin i elyë hiruva rainë.,I want that even you will find peace.,7.1,,
Intë lorir lómessë.,Even they sleep at night.,7.1,,
Mo koinë sina rottossë.,Someone lived in this cave.,7.1,,
I orkor nakanter sé mal ú hyé.,The orcs slew him/her but not him/her [the other].,7.1,,
I nauko kennë i nér ar hye sérë i köassë.,The dwarf saw the man [male] and he [the man] rested in the house.,7.1,,
Elvë uir alfírimë.,Even we (including you) are not immortal.,7.1,,
Antuvan elden massali.,I will give even you (plural) some bread.,7.1,,
Túventë ma nöa.,They discovered something yesterday.,7.1,,
Merin i mo rehta inyë.,I want that someone save even me.,7.1,,
I hesto quentë i ohtaren ar hye mennë i ostonna.,The captain spoke to the warrior and he [the warrior] went to the city.,7.1,,
I hesto quentë i ohtaren ar mennes i ostonna.,The captain spoke to the warrior and he [the captain] went to the city.,7.1,,
I ronyo merë roita lopoldi.,The hunting dog wants to chase rabbits.,7.2,,
Polil hlikë tuvë farna i tauressë.,You can sneak to discover prey in the forest.,7.2,,
Nurtaitas rehtanë i hína.,To hide [or hiding] him/her saved the child.,7.2,,
Á telya faraitalyas enar.,Finish your hunting it tomorrow.,7.2,,
Farië lamni anta matta lienyan.,Hunting animals gives food to my people.,7.2,,
Mennelmë i taurenna rembien.,We [but not you] went to the forest for trapping.,7.2,,
I quessi aiwion (nár) márë pilin karien.,The feathers of birds are good for arrow making.,7.2,,
I mundo rassë ui anda.,The bull’s horn is not long.,7.2,,
Polin norta rokko ilya aurë.,I can ride a horse every day.,7.2,,
Aiwëo ráma samë quesseli.,A bird’s wing has some feathers.,7.2,,
Hirnen quingarya nu i alda.,I found her bow under the tree.,7.2,,
Hiritanyas tana i nás raxessë.,My finding it shows that she is in danger.,7.2,,
Mennelmë endenna i taurëo.,We [but not you] went to the centre of the forest.,7.3,,
I osto harë imbi ambor.,The city sits among hills.,7.3,,
I orkor ménar minna i rotto.,The orcs are going into the cave.,7.3,,
Kenuvan i hesto lómessë.,I will see the captain at night.,7.3,,
I atani túler et i mindonillon.,The men came out of the towers.,7.3,,
I atani nakanter orkor makilínen.,The men slew orcs with [by means of] swords.,7.3,,
I elda mennë ó i naukor i mindonna.,The elf went with the dwarves to the tower.,7.3,,
I nissi túlar tanomello.,The women are coming from there.,7.3,,
I nér tenkë i quenta tekilmen.,The man [male] wrote the story with a pen.,7.3,,
I aran apátië sundollo inganna i mindono.,The king has walked from the base to the top of the tower.,7.3,,
I köa harë endessë osto.,The house sits in the centre of a city.,7.3,,
Tárië i oronto tirë or i nando.,The height of the mountain watches above the valley.,7.3,,
Mólë tyarnë i olanenyë turka.,Work caused me to become strong [= that I became strong].,8.1,,
Mára kardalya tulyauva lyen alassë (or more simply tulyuva).,Your good deed will bring you happiness.,8.1,,
Naukoli ranker i orkoron makili.,Some dwarves broke the orcs’ swords.,8.1,,
Aiwi atambanier aldassen mí taurë.,Birds have knocked on trees in the forest.,8.1,,
Rokkor tukuvar lintë i raxa.,Horses will pull the wagon swift[ly].,8.1,,
I sírë kúna pella i osto.,The river bends beyond the city.,8.1,,
Man melilyë?,Who do you love?,8.2,,
Ma i elda rëantë?,Did the elf smile?,8.2,,
Ma mikuvalyë ni?,Will you kiss me?,8.2,,
Massë i netti tyálar?,Where are the girls playing?,8.2,,
Manen polin fasta i aran?,How can I please the king?,8.2,,
Ma i atani alassië?,Are the men happy?,8.2,,
Mana hanquentalya?,What is your answer?,8.2,,
Man lálëa?,Who is laughing?,8.2,,
Ma nántë avaldë?,Are they excited?,8.2,,
Mallo i orkor túler?,Where did the orcs come from?,8.2,,
Ma kenuvalyë i hesto?,Will you see the captain?,8.2,,
Ma merilyë tirë i ohtari?,Do you want to watch the warriors?,8.2,,
Orkor ruhtaner i taurëo periandi.,Orcs terrified the forest’s halflings.,8.3,,
Soronyentë i orkor merner nahta te.,They were afraid that orcs wanted to slay them.,8.3,,
Orkor tevir periandi ar naukor ar eldar ar atani.,Orcs hate halflings and dwarves and elves and men.,8.3,,
Hrávë orkor marner rottossen nu i oronti.,Wild orcs dwelled in caves under the mountains.,8.3,,
Nwalmë periandion fastanë i orkor.,Torment of halflings pleased the orcs.,8.3,,
I periandi nainaner umbartinta.,The halflings lamented their fate.,8.3,,
Naikë ui ruhta naukor.,Pain does not terrify dwarves.,8.3,,
Raiquë naukor faraner orkor i tauressë.,Angry dwarves hunted orcs in the forest.,8.3,,
I orkor yarraner sossessë.,The orcs growled in fear.,8.3,,
Aha i naukoron nánë turwa.,The rage of the dwarves was powerful.,8.3,,
I eldar náner nairië i mahtië quantanë i taurë.,The elves were sorrowful that fighting filled the forest.,8.3,,
Nier i eldaron sirinyer ve síri.,The tears of the elves flowed like rivers.,8.3,,
I harma-antaila aran alya.,The treasure-giving king [is] rich.,9.1,,
Mankaimë armar mirwë.,Tradeable goods [are] precious.,9.1,,
I telpë-samila nauko ui penya.,The silver-having dwarf is not poor.,9.1,,
Orkor merir tuvë lépima harma.,Orcs want to find takeable treasure.,9.1,,
I mapinë makili vanwë.,The seized swords [are] lost.,9.1,,
I ohtari norner minna i lantaina ando.,The warriors ran into the fallen gate.,9.1,,
I antaula perian penë telpë sí.,The generous (prone to give) halfling lacks money now.,9.1,,
I kavaitë mahar harë i köassë.,The receptive (able to receive) merchant sits in the house.,9.1,,
Ilyë mahtailë ohtari qualuvar.,All fighting warriors will die.,9.1,,
I kavinë annar rehtaner i nettion alassë.,The received gifts saved the girls’ happiness.,9.1,,
I eldar antaner i lepinë armar i heston.,The elves gave the taken goods to the captain.,9.1,,
I lepilë atani hander i mindonessë.,The taking men stayed (= sat) in the tower.,9.1,,
Hrisë.,[It] snows.,9.2,,
Kantë i kirma.,Made the knife = the knife was made.,9.2,,
Mo namba taxi yá mo karasta köa.,One hammers nails when one builds a house.,9.2,,
Tammar katinë taminwen.,Tools [are] shaped with a forge.,9.2,,
Ulë.,It rains.,9.2,,
Mo katë makil kurwenen.,One fashions a sword with craft.,9.2,,
I emma nánë takina i aldassë taxenen.,The picture was fastened on the wall with a nail.,9.2,,
Orë i tamon karita makil.,The smith feels an urge to make a sword.,9.2,,
I nís sernë linta i laupë.,The woman sewed swift[ly] the shirt.,9.3,,
I periandi koller i korma andavë.,The halflings bore the ring long [for a long time].,9.3,,
I eldar autuvar Endorello rongo.,The elves will depart from Middle-earth soon.,9.3,,
I mai karina vakko nánë hirina i rottossë.,The well made jacket was found in the cave.,9.3,,
I rokko nornë linta.,The horse ran swift[ly].,9.3,,
I rokko nornë lintië.,The horse ran swiftly [= with swiftness].,9.3,,
I rokko nornë andavë.,The horse ran long.,9.3,,
I rokko nornë mai.,The horse ran well.,9.3,,
I súrë ringa lá nöa.,The wind [is] cold beyond yesterday [= is colder than yesterday].,9.4,,
I kirma ammaika.,The knife [is] very sharp.,9.4,,
I kollo ammussë hampion.,The cloak [is] very soft among clothing.,9.4,,
Mithril arnorna tinkoron.,Mithril [is the] hardest [most hard] of metals.,9.4,,
I nauko anfinwa.,The dwarf is very clever.,9.4,,
I atan finwa lá i nauko.,The man is more clever than the dwarf.,9.4,,
I elda anfinwa quenion.,The elf is very clever among people.,9.4,,
I istar arfinwa ilyaron.,The wizard [istar] is most clever of all.,9.4,,
Massë i asëa i asarta yuhtanë i naukon?,Where [is] the healing herb which the doctor used on [for] the dwarf?,10.1,,
I atani i túler i ostonna tárar i andossë.,The men who came to the city are standing in the gate.,10.1,,
I kirma yanen i hesto harnanë i elda nánë hirina nu i alda.,The knife with which the captain wounded the elf was found under the tree.,10.1,,
I asarta yen quentel nöa hasuva i nauko.,The doctor to whom you spoke yesterday will treat the dwarf.,10.1,,
Á hirë i atan ó ye i elda lendë.,Find the man with whom the elf travelled.,10.1,,
Késan i köan yassë i elda marë.,I am searching for (ces-[þ] + dative) the house in which the elf dwells.,10.1,,
Á tana nin i atan i samë i makil or á tana nin i atan sa samë i makil.,Show me the man who has the sword.,10.1,,
Istan i samil i hestova makil.,I know that you have the captain’s sword.,10.1,,
I nís marë tassë.,The woman lives there.,10.2,,
Ma meril nin anta si lyen?,Do you want for me to give this to you?,10.2,,
Á latya tana fendë.,Open that door.,10.2,,
Kenuvanyes en.,I will see him/her then [future].,10.2,,
I nér tára enta ambossë.,The man [male] is standing on yonder hill.,10.2,,
Samin sinë kirmar.,I have these knives.,10.2,,
Ma antuval nin ta?,Will you give me that?,10.2,,
Merinyes sí or Merin sa sí.,I want it now.,10.2,,
Poituvan imni.,I will clean myself.,10.3,,
Hirnexë tauressë.,He/she found himself/herself in a forest.,10.3,,
Sampentë assa i ambossë.,They dug a hole in the hill.,10.3,,
Makil ve anda kirma (ná).,A sword [is] like a long knife.,10.3,,
Á rehta intyë!,Save yourself (familiar)!,10.3,,
Kestanexer manna i hesto mennë.,They asked themselves where [whither] the captain went.,10.3,,
I netti tarner rindessë.,The girls stood in a circle.,10.3,,
Ná imya atan.,It is the same man.,10.3,,
Istas quetë Quenya.,He/she can (knows how to) speak Quenya.,10.4,,
Polis mahta.,He/she can (is physically able to) fight.,10.4,,
Lertas quetë i aranen.,He/she may (is free to) speak to the king.,10.4,,
Mauya sen quetë i aranen.,He/she must (is compelled to) speak to the king.,10.4,,